Country,COUNT,PERCENT
Australia,5,45.454545455
France,1,9.0909090909
Germany,2,18.181818182
United Kingdom,1,9.0909090909
United States,2,18.181818182
